,0,1,2,3,4,5,6,7,8,9,accuracy,macro avg,weighted avg
precision,0.9244741873804971,0.9798422436459246,0.8809766022380467,0.8303487276154571,0.8664192949907236,0.8558246828143022,0.9569429494079655,0.918918918918919,0.9517684887459807,0.9439252336448598,0.9112,0.9109441329402677,0.9120988146291263
recall,0.986734693877551,0.9850220264317181,0.8391472868217055,0.8722772277227723,0.9511201629327902,0.8318385650224215,0.9279749478079332,0.8929961089494164,0.9117043121149897,0.9008919722497523,0.9112,0.9099707303931052,0.9112
f1-score,0.9545903257650543,0.9824253075571178,0.8595533498759306,0.8507967165620474,0.9067961165048544,0.8436611711199545,0.9422363540010599,0.9057720769610261,0.9313057157839538,0.9219066937119675,0.9112,0.9099043827842965,0.9111026278551373
support,980.0,1135.0,1032.0,1010.0,982.0,892.0,958.0,1028.0,974.0,1009.0,0.9112,10000.0,10000.0
