,0,1,2,3,4,5,6,7,8,9,accuracy,macro avg,weighted avg
precision,0.9768145161290323,0.986784140969163,0.9203791469194312,0.9174573055028463,0.9415841584158415,0.9355932203389831,0.9663865546218487,0.9650698602794411,0.9806034482758621,0.9635258358662614,0.9554,0.9554198187318713,0.9558121642796654
recall,0.9887755102040816,0.986784140969163,0.9408914728682171,0.9574257425742574,0.9684317718940937,0.9282511210762332,0.9603340292275574,0.9406614785992218,0.9342915811088296,0.9425173439048563,0.9554,0.9548364192426513,0.9554
f1-score,0.9827586206896551,0.986784140969163,0.930522280785817,0.937015503875969,0.9548192771084337,0.93190770962296,0.9633507853403142,0.9527093596059113,0.9568874868559412,0.9529058116232465,0.9554,0.954966097647741,0.9554447958222155
support,980.0,1135.0,1032.0,1010.0,982.0,892.0,958.0,1028.0,974.0,1009.0,0.9554,10000.0,10000.0
